Thread_Count,Round_Trip
20,635.6561499320014
40,565.207577231
60,553.001500235001
80,546.1304974810009
100,535.8202932029999
