Thread_Count,Round_Trip
20,172.71741109599952
40,170.38495082999998
60,174.83898107500045
80,194.35630454000056
100,156.45972240500032
