Thread Count,Total Time
20,-781.040219943
40,-711.379911649
60,-777.5005535649998
80,-695.7507197579998
100,-795.8771295380002
